<resources>
    
 <style name="MyTheme" parent="android:Theme.Holo.Dialog">
    <item name="android:alertDialogStyle">@style/CustomAlertDialogStyle</item>
    <item name="android:windowBackground">@color/transparent</item>
    <item name="android:textColorPrimary">#FFFFFF</item>
     <item name="android:backgroundDimEnabled">false</item>
    <item name="android:textColor">#FFFFFF</item>
    <item name="android:textStyle">normal</item>
    <item name="android:textSize">12sp</item>
</style>
 <style name="CustomAlertDialogStyle">
    <item name="android:bottomBright">@color/transparent</item>
    <item name="android:bottomDark">@color/transparent</item>
    <item name="android:bottomMedium">@color/transparent</item>
    <item name="android:centerBright">@color/transparent</item>
    <item name="android:centerDark">@color/transparent</item>
    <item name="android:centerMedium">@color/transparent</item>
    <item name="android:fullBright">@color/transparent</item>
    <item name="android:fullDark">@color/transparent</item>
    <item name="android:topBright">@color/transparent</item>
    <item name="android:topDark">@color/transparent</item>
</style>
<style name="AppBaseTheme" parent="android:Theme.Light">
    </style>
 
    <!-- Application theme. -->
    <style name="AppTheme" parent="AppBaseTheme">
    </style>
</resources>